precinct_norm,registered_active,pct_dem,pct_rep,pct_una,pct_black,pct_white,median_age,total_population_2020,registration_rate,turnout_2016_General,turnout_2018_General,turnout_2020_General,turnout_2021_Municipal,turnout_2022_General,turnout_2023_Municipal,turnout_2024_General
,8,0.375,0.0,0.625,0.375,0.0,33.0,,,1.0,0.0,0.3333333333333333,0.0,0.0,0.0,0.2857142857142857
01,1005,0.5840796019900497,0.050746268656716415,0.3611940298507463,0.21393034825870647,0.5741293532338309,47.0,2612.0,0.3847626339969372,0.9426751592356688,0.8694029850746269,0.9543307086614173,0.3425076452599388,0.8055944055944056,0.4441489361702128,0.8571428571428571
02,3593,0.41914834400222656,0.029501809073197886,0.5480100194823267,0.11800723629279154,0.40578903423323126,25.0,4746.0,0.7570585756426464,0.9388335704125178,0.8374851720047449,0.9523088569265707,0.2435344827586207,0.6944606413994169,0.2685589519650655,0.7691805419523343
03,2209,0.580805794477139,0.034404708012675415,0.3816206428248076,0.046627433227704844,0.6808510638297872,32.0,3395.0,0.6506627393225332,0.9564489112227805,0.8772169167803547,0.9678988326848249,0.37084870848708484,0.841044776119403,0.3942172073342736,0.8476239669421488
04,1516,0.5996042216358839,0.036939313984168866,0.36015831134564646,0.055408970976253295,0.7928759894459103,48.0,2022.0,0.7497527200791295,0.9627473806752037,0.9213250517598344,0.9761029411764706,0.47539543057996486,0.8849040867389492,0.5987210231814548,0.9482386772106398
05,5065,0.4513326752221125,0.03968410661401777,0.5052319842053307,0.1930898321816387,0.29378084896347484,24.0,11402.0,0.4442203122259253,0.8636363636363636,0.6008230452674898,0.901875,0.07394156231365534,0.5609548167092924,0.07100149476831091,0.7083333333333334
06,1694,0.6044864226682408,0.03955135773317592,0.3530106257378985,0.19303423848878395,0.6050767414403778,46.0,3220.0,0.5260869565217391,0.9423769507803121,0.8453276047261009,0.9373881932021467,0.337942955920484,0.7968,0.4001512859304085,0.8698186528497409
07,2464,0.5576298701298701,0.033279220779220776,0.4054383116883117,0.09618506493506493,0.6647727272727273,35.0,3337.0,0.7383877734492059,0.9495268138801262,0.8689189189189189,0.9504459861248761,0.29395604395604397,0.8057607090103397,0.35859269282814615,0.865588681152097
08,2701,0.5964457608293224,0.02702702702702703,0.3709737134394669,0.3339503887449093,0.45390596075527584,41.0,3736.0,0.7229657387580299,0.9062200956937799,0.75,0.9274755927475593,0.2739907346128392,0.715962441314554,0.3125339120998372,0.8682170542635659
09,2403,0.5905118601747815,0.0449438202247191,0.36329588014981273,0.21681231793591343,0.6475239284228048,51.0,3417.0,0.7032484635645303,0.9567068843151171,0.883235485975212,0.967948717948718,0.39464882943143814,0.8389786347055758,0.4495,0.9435155896972436
10,2434,0.5419063270336894,0.04026294165981923,0.4133114215283484,0.3401807723911257,0.4104354971240756,35.0,3357.0,0.7250521298778672,0.881578947368421,0.7053824362606232,0.8947939262472885,0.19918283963227784,0.6654835847382431,0.21598101265822786,0.8149300155520995
12,641,0.5631825273010921,0.0343213728549142,0.39313572542901715,0.5959438377535101,0.16380655226209048,43.0,1027.0,0.6241480038948394,0.850909090909091,0.6722408026755853,0.9088235294117647,0.24233983286908078,0.5710659898477157,0.2665094339622642,0.7721280602636534
13,968,0.5237603305785123,0.030991735537190084,0.44111570247933884,0.6694214876033058,0.05785123966942149,40.0,2365.0,0.40930232558139534,0.8152709359605911,0.5033557046979866,0.7623400365630713,0.1,0.4377049180327869,0.11653543307086614,0.6375921375921376
14,2319,0.5157395429064252,0.056058645968089696,0.4251832686502803,0.49072876239758517,0.172488141440276,42.0,4535.0,0.5113561190738699,0.8902575587905935,0.6619576185671039,0.8732037193575655,0.18975180144115292,0.5466666666666666,0.18036211699164345,0.7205726405090138
15,1301,0.5534204458109147,0.035357417371252885,0.40584166026133744,0.44273635664873173,0.26518063028439665,40.0,2723.0,0.4777818582445832,0.8778004073319755,0.6993006993006993,0.8876080691642652,0.18620689655172415,0.6060225846925973,0.2550177095631641,0.7628959276018099
17,3749,0.5380101360362763,0.034675913576953855,0.42224593224859963,0.3064817284609229,0.4318484929314484,39.0,5520.0,0.6791666666666667,0.8854545454545455,0.7267924528301887,0.9069086651053864,0.26125137211855104,0.7019417475728156,0.28482697426796805,0.8211788211788211
18,2007,0.5625311410064773,0.03886397608370702,0.3911310413552566,0.5057299451918286,0.1619332336821126,40.0,5564.0,0.3607117181883537,0.8642590286425903,0.6559734513274337,0.8763837638376384,0.1589519650655022,0.5251623376623377,0.17444529456771232,0.7389486260454002
19,3013,0.5771656156654498,0.05277132426153336,0.36674410886159975,0.44208430136077,0.32558911384002653,42.0,5153.0,0.5847079371240055,0.9216954022988506,0.7932569974554707,0.930614406779661,0.2331288343558282,0.6803044719314938,0.2571556350626118,0.8624761904761905
20,1911,0.6143380429094715,0.023024594453165882,0.358451072736787,0.11355311355311355,0.7090528519099948,41.0,2864.0,0.6672486033519553,0.9408212560386473,0.8608515057113187,0.9590592334494773,0.40480132450331124,0.8440779610194903,0.46820405310971347,0.9043683589138135
21,1576,0.5875634517766497,0.03934010152284264,0.37055837563451777,0.13451776649746192,0.7068527918781726,44.0,2667.0,0.5909261342332208,0.9433465085638999,0.8761363636363636,0.9588910133843213,0.4091743119266055,0.8441127694859039,0.4554064719810576,0.9357092941998603
22,3983,0.6118503640472006,0.043685664072307305,0.33994476525232237,0.5684157670097916,0.20336429826763747,45.0,8656.0,0.46014325323475047,0.8915849251419721,0.6814780168381666,0.8903614457831325,0.19369894982497082,0.5779550398839739,0.19042735042735043,0.7963228957196208
23,6193,0.601324075569191,0.05457774907153237,0.34038430486032617,0.5625706442757953,0.20765380268044567,45.0,10357.0,0.5979530752148305,0.9092955934384046,0.758681062153487,0.925,0.20472813238770685,0.643141592920354,0.20733752620545073,0.8612222626409604
24,3605,0.50374479889043,0.12565880721220526,0.3650485436893204,0.2305131761442441,0.5980582524271845,56.0,6277.0,0.5743189421698264,0.9471480900052328,0.8279113625648279,0.9589764419171405,0.2530308955807587,0.7829286239882266,0.3041958041958042,0.9058751153491233
25,3039,0.3599868377755841,0.23527476143468246,0.3981572885817703,0.1447844685751892,0.7041790062520566,56.0,4585.0,0.6628135223555071,0.9270500532481363,0.7933597621407334,0.9643012625163256,0.03560830860534125,0.7565497783151954,0.03973765432098766,0.9350603264726757
26,1342,0.28539493293591656,0.3323397913561848,0.37630402384500744,0.12965722801788376,0.7794336810730254,59.0,1904.0,0.7048319327731093,0.9473684210526315,0.8237791932059448,0.9587242026266416,0.004541326067211626,0.7563098346388164,0.005937234944868533,0.9379474940334129
27,3110,0.4514469453376206,0.11543408360128618,0.4286173633440514,0.0752411575562701,0.7437299035369775,55.0,3925.0,0.7923566878980892,0.9593984962406015,0.8547557840616966,0.9722365038560411,0.2295160517489219,0.829535495179667,0.30265848670756645,0.9287006876583423
28,3446,0.3105049332559489,0.2614625652930934,0.4219384793964016,0.1555426581543819,0.716482878699942,58.0,6883.0,0.5006537846869098,0.9463024022609515,0.8250883392226148,0.9696379914363565,0.07957957957957958,0.7950907150480256,0.09567901234567901,0.9409020217729394
29,4010,0.4735660847880299,0.15486284289276808,0.36708229426433914,0.38179551122194516,0.3935162094763092,48.0,6873.0,0.5834424559871962,0.9267618608935975,0.7383966244725738,0.9428780666422556,0.09478505990133897,0.6623333333333333,0.09888712241653418,0.885498320268757
30-2,7095,0.5785764622973926,0.06920366455250176,0.3474277660324172,0.5499647639182523,0.24580690627202256,45.0,10654.0,0.6659470621362868,0.9364256480218281,0.7769854929923776,0.9510128152128979,0.15016038492381717,0.6853212737893348,0.16037904523511531,0.9065873885150993
30-3,4935,0.5067882472137791,0.10354609929078014,0.3841945288753799,0.4160081053698075,0.3381965552178318,43.0,,,0.9318079856437864,0.7835413416536662,0.9508679986898133,0.1683448709880428,0.6777875329236172,0.1738891936368623,0.8929479768786127
30-4,5060,0.4826086956521739,0.10573122529644269,0.40652173913043477,0.3660079051383399,0.41561264822134386,45.0,,,0.9469122426868906,0.8172828890799656,0.9621409921671018,0.16763714373276126,0.7368421052631579,0.2214818763326226,0.9254615910645088
31,7113,0.4674539575425278,0.10192605089273162,0.4259805989034163,0.3367074370870238,0.4193729790524392,39.0,8915.0,0.7978687605159843,0.9219246482069905,0.7867025365103766,0.950084127874369,0.13146155864602466,0.6837038734815494,0.15619765494137353,0.8951118475559238
32,7850,0.3243312101910828,0.20484076433121018,0.46611464968152866,0.10178343949044585,0.6895541401273886,63.0,6527.0,1.2026964914968592,0.9454887218045113,0.8458594293667363,0.9762435040831478,0.23336351290176552,0.8147489126136813,0.24229640498899485,0.9437460716530484
33-1,5820,0.42216494845360825,0.12886597938144329,0.44261168384879723,0.2893470790378007,0.48556701030927835,43.0,,,0.9247076023391813,0.7982878544676297,0.9558498896247241,0.15006775067750677,0.7278332354668232,0.16447191615157217,0.9009353741496599
33-2,5342,0.440658929239985,0.08386372145263946,0.46892549606888806,0.34107076001497566,0.37364283040059904,35.0,,,0.8871139510117146,0.6801346801346801,0.926948051948052,0.08992094861660078,0.5896580483736447,0.10726012404232033,0.836552748885587
34-1,3240,0.5666666666666667,0.05740740740740741,0.3709876543209877,0.4148148148148148,0.3712962962962963,42.0,4296.0,0.7541899441340782,0.9429530201342282,0.8178016726403823,0.9550731953558809,0.24866698982064955,0.730186999109528,0.27875,0.9165786694825766
34-2,5174,0.5688055662930035,0.04793196752995748,0.3768844221105528,0.47564746810977965,0.2765751836103595,41.0,8371.0,0.6180862501493251,0.9200902934537246,0.755804643714972,0.9314845024469821,0.20572673513849984,0.6589366515837104,0.2144927536231884,0.8796397979354272
35-4,4604,0.45351867940920937,0.1031711555169418,0.4394005212858384,0.19960903562119894,0.5805821025195482,51.0,,,0.9590525893215576,0.8409169850642584,0.9747368421052631,0.15894039735099338,0.8165409482758621,0.21702017589239525,0.9541349809885932
35-5,4289,0.49755187689438096,0.08883189554674749,0.41035206341804614,0.2553042667288412,0.5383539286546981,48.0,,,0.9458105646630237,0.8503428801936265,0.9675566069618114,0.27034035656401945,0.795653486266224,0.2939160239931448,0.9292826142455961
36,2424,0.5577557755775577,0.05858085808580858,0.3795379537953795,0.2739273927392739,0.5028877887788779,41.0,5216.0,0.4647239263803681,0.935672514619883,0.8125530110262935,0.9398340248962656,0.26151849448410125,0.7458133971291866,0.3044708545557442,0.8749412317818523
37,5949,0.43940158009749536,0.14926878466969237,0.4088082030593377,0.11716254832744999,0.7189443603967053,53.0,7706.0,0.7719958473916428,0.94976,0.8437859608745685,0.9743779255974377,0.2319756554307116,0.8265328387519092,0.32236568096626406,0.9435394298407997
38,6684,0.4793536804308797,0.08916816277678037,0.4272890484739677,0.24162178336325554,0.5532615200478755,40.0,11766.0,0.5680775114737379,0.9405984814649397,0.8006158583525789,0.9500310366232154,0.20640465793304222,0.7322305505298526,0.25319451017510647,0.8852908891328211
40,1909,0.5877422734415925,0.05919329491880566,0.34834992142482973,0.24934520691461498,0.5845992666317443,44.0,2916.0,0.6546639231824417,0.9478908188585607,0.8602150537634409,0.9609236234458259,0.3299406276505513,0.8179723502304147,0.3992831541218638,0.8569711538461539
41,1190,0.7050420168067227,0.012605042016806723,0.2781512605042017,0.7168067226890756,0.08571428571428572,54.0,1827.0,0.6513409961685823,0.9434482758620689,0.7800511508951407,0.9391812865497076,0.29511918274687854,0.6853448275862069,0.25617283950617287,0.8575342465753425
42,1114,0.6714542190305206,0.017953321364452424,0.30610412926391384,0.703770197486535,0.09515260323159784,50.0,1636.0,0.6809290953545232,0.9121621621621622,0.7628705148205929,0.9158620689655173,0.28495339547270304,0.6758448060075094,0.26233453670276774,0.8105906313645621
43,6598,0.4939375568354047,0.0951803576841467,0.4084571082146105,0.09866626250378903,0.7296150348590482,51.0,8972.0,0.7353990191707535,0.9602065613608749,0.8815397126592572,0.9772832637923041,0.22027506654835846,0.8359247135842881,0.30824165219069677,0.9286932787444558
44,6346,0.42152537031200754,0.1640403403718878,0.40954932240781594,0.196816892530728,0.6569492593759849,54.0,8084.0,0.785007422068283,0.9469252360295994,0.8285245132535773,0.9653035935563816,0.08396489828480255,0.7918236623963828,0.0887155297532656,0.9431415555930488
45,4933,0.44780052706263934,0.16866004459760794,0.3782688019460774,0.18730995337522804,0.6616663288060004,55.0,6643.0,0.7425861809423453,0.9490316004077471,0.8368034292712798,0.9724919093851133,0.16461336828309306,0.7988577104544325,0.2075381679389313,0.9410741465535986
46,2853,0.5415352260778128,0.08412197686645637,0.3673326323168594,0.35506484402383454,0.40168243953732913,43.0,6325.0,0.4510671936758893,0.9144838212634823,0.764266304347826,0.9302721088435374,0.21222040370976542,0.6827794561933535,0.2408724513987672,0.8604651162790697
47,1703,0.6746917204932472,0.03464474456840869,0.2894891368173811,0.6682325308279506,0.12037580739870817,45.0,2790.0,0.6103942652329749,0.9349046015712682,0.7836990595611285,0.922739244951712,0.2915601023017903,0.6682653876898481,0.25975975975975973,0.8762214983713354
50,3620,0.475414364640884,0.10220994475138122,0.41878453038674035,0.19558011049723756,0.6002762430939227,42.0,5837.0,0.6201816001370567,0.9408999328408327,0.8173652694610778,0.9502895752895753,0.24965453707968677,0.7701761573125768,0.303895102198226,0.9043506078055022
51,5193,0.5151165029847872,0.07047949162333911,0.4099749663007895,0.1681109185441941,0.6581937223185057,45.0,7058.0,0.7357608387645225,0.9500762195121951,0.8600066822586034,0.9703473595029652,0.24851270957274202,0.8254635352286773,0.31413857677902624,0.9446548821548821
52,3111,0.6129861780777885,0.041465766634522665,0.3413693346190935,0.5737704918032787,0.14304082288653167,43.0,6711.0,0.46356727760393385,0.9019859064702114,0.7418397626112759,0.9191251271617498,0.17288801571709234,0.5980707395498392,0.17667536988685814,0.8215085884988798
53-2,4589,0.454129439965134,0.09108738287208543,0.45042492917847027,0.1120069731967749,0.688821093920244,46.0,5866.0,0.7823048073644733,0.9538357094365241,0.8502523836231072,0.9754278192189557,0.1805668016194332,0.8195729537366548,0.2319949012109624,0.9189050908160655
54,6787,0.5199646382790629,0.06777663179608075,0.40724915279210255,0.3337262413437454,0.4487991748931781,39.0,11592.0,0.5854899930986888,0.9291171477079796,0.7807428777497295,0.9419718309859155,0.18184231483939475,0.7106682297772567,0.2141776529068511,0.8857389801210026
55-11,1488,0.6102150537634409,0.021505376344086023,0.3655913978494624,0.6619623655913979,0.10887096774193548,43.0,2794.0,0.5325697924123121,0.8877146631439894,0.6654456654456654,0.8823529411764706,0.24173553719008264,0.5640776699029126,0.23694029850746268,0.7715384615384615
55-49,1563,0.3115802943058221,0.003198976327575176,0.6807421625079975,0.38707613563659626,0.011516314779270634,21.0,2725.0,0.5735779816513762,0.8860759493670886,0.6043956043956044,0.8661971830985915,0.09090909090909091,0.43137254901960786,0.07717041800643087,0.6955307262569832
56,4660,0.4886266094420601,0.10450643776824034,0.40429184549356223,0.17381974248927037,0.6916309012875537,52.0,,,0.9576333089846604,0.8711615487316422,0.9773057899330811,0.275561797752809,0.8396825396825397,0.3435114503816794,0.9532884034394609
57,4679,0.4800170976704424,0.08100021372088052,0.43428082923701644,0.17674716819833297,0.6360333404573627,45.0,,,0.952491849091756,0.8524183546920215,0.9697802197802198,0.20934825543120475,0.80096647538508,0.2710895052902488,0.934242571846079
